bag,absolute_time,relative_sec,node,change_kind,parameter,parameter_type,value
23july.bag,2026-07-23T21:03:11.468+05:30,3.828,/target_explorer_node,new,use_sim_time,BOOL,False
23july.bag,2026-07-23T21:03:11.471+05:30,3.832,/target_explorer_node,new,goal_mode,STRING,local
23july.bag,2026-07-23T21:03:11.471+05:30,3.832,/target_explorer_node,new,global_frame,STRING,map
23july.bag,2026-07-23T21:03:11.471+05:30,3.832,/target_explorer_node,new,robot_base_frame,STRING,base_footprint
23july.bag,2026-07-23T21:03:11.471+05:30,3.832,/target_explorer_node,new,map_topic,STRING,/map
23july.bag,2026-07-23T21:03:11.472+05:30,3.832,/target_explorer_node,new,global_costmap_topic,STRING,/global_costmap/costmap
23july.bag,2026-07-23T21:03:11.472+05:30,3.833,/target_explorer_node,new,navigate_to_pose_action,STRING,/navigate_to_pose
23july.bag,2026-07-23T21:03:11.472+05:30,3.833,/target_explorer_node,new,compute_path_to_pose_action,STRING,/compute_path_to_pose
23july.bag,2026-07-23T21:03:11.472+05:30,3.833,/target_explorer_node,new,target_x,DOUBLE,1.0
23july.bag,2026-07-23T21:03:11.473+05:30,3.833,/target_explorer_node,new,target_y,DOUBLE,24.0
23july.bag,2026-07-23T21:03:11.473+05:30,3.834,/target_explorer_node,new,target_tolerance,DOUBLE,1.0
23july.bag,2026-07-23T21:03:11.473+05:30,3.834,/target_explorer_node,new,goal_progress_weight,DOUBLE,1.0
23july.bag,2026-07-23T21:03:11.474+05:30,3.835,/target_explorer_node,new,target_alignment_weight,DOUBLE,1.0
23july.bag,2026-07-23T21:03:11.474+05:30,3.835,/target_explorer_node,new,path_cost_weight,DOUBLE,0.1
23july.bag,2026-07-23T21:03:11.474+05:30,3.835,/target_explorer_node,new,minimum_target_progress_m,DOUBLE,0.0
23july.bag,2026-07-23T21:03:11.474+05:30,3.835,/target_explorer_node,new,allow_negative_progress_recovery,BOOL,True
23july.bag,2026-07-23T21:03:11.475+05:30,3.836,/target_explorer_node,new,goal_obstacle_clearance_m,DOUBLE,1.7
23july.bag,2026-07-23T21:03:11.475+05:30,3.836,/target_explorer_node,new,map_occupied_threshold,INTEGER,65
23july.bag,2026-07-23T21:03:11.476+05:30,3.836,/target_explorer_node,new,costmap_lethal_threshold,INTEGER,100
23july.bag,2026-07-23T21:03:11.476+05:30,3.837,/target_explorer_node,new,active_goal_safety_check_period_sec,DOUBLE,0.5
23july.bag,2026-07-23T21:03:11.476+05:30,3.837,/target_explorer_node,new,minimum_frontier_distance_from_robot,DOUBLE,0.5
23july.bag,2026-07-23T21:03:11.477+05:30,3.837,/target_explorer_node,new,minimum_frontier_size_m,DOUBLE,0.5
23july.bag,2026-07-23T21:03:11.477+05:30,3.838,/target_explorer_node,new,maximum_goal_samples_per_frontier,INTEGER,12
23july.bag,2026-07-23T21:03:11.477+05:30,3.838,/target_explorer_node,new,planner_timeout_sec,DOUBLE,2.0
23july.bag,2026-07-23T21:03:11.477+05:30,3.838,/target_explorer_node,new,tf_timeout_sec,DOUBLE,0.3
23july.bag,2026-07-23T21:03:11.478+05:30,3.838,/target_explorer_node,new,persistent_tf_failure_timeout_sec,DOUBLE,3.0
23july.bag,2026-07-23T21:03:15.423+05:30,7.783,/omega_controller,new,use_sim_time,BOOL,False
23july.bag,2026-07-23T21:03:15.423+05:30,7.783,/omega_controller,new,cmd_angular_sign,DOUBLE,-1.0
23july1.bag,2026-07-23T21:17:09.417+05:30,5.094,/target_explorer_node,new,use_sim_time,BOOL,False
23july1.bag,2026-07-23T21:17:09.420+05:30,5.097,/target_explorer_node,new,goal_mode,STRING,local
23july1.bag,2026-07-23T21:17:09.420+05:30,5.097,/target_explorer_node,new,global_frame,STRING,map
23july1.bag,2026-07-23T21:17:09.420+05:30,5.097,/target_explorer_node,new,robot_base_frame,STRING,base_footprint
23july1.bag,2026-07-23T21:17:09.420+05:30,5.097,/target_explorer_node,new,map_topic,STRING,/map
23july1.bag,2026-07-23T21:17:09.420+05:30,5.097,/target_explorer_node,new,global_costmap_topic,STRING,/global_costmap/costmap
23july1.bag,2026-07-23T21:17:09.421+05:30,5.097,/target_explorer_node,new,navigate_to_pose_action,STRING,/navigate_to_pose
23july1.bag,2026-07-23T21:17:09.421+05:30,5.098,/target_explorer_node,new,compute_path_to_pose_action,STRING,/compute_path_to_pose
23july1.bag,2026-07-23T21:17:09.421+05:30,5.098,/target_explorer_node,new,target_x,DOUBLE,0.0
23july1.bag,2026-07-23T21:17:09.422+05:30,5.098,/target_explorer_node,new,target_y,DOUBLE,27.0
23july1.bag,2026-07-23T21:17:09.422+05:30,5.099,/target_explorer_node,new,target_tolerance,DOUBLE,1.0
23july1.bag,2026-07-23T21:17:09.422+05:30,5.099,/target_explorer_node,new,goal_progress_weight,DOUBLE,1.0
23july1.bag,2026-07-23T21:17:09.423+05:30,5.099,/target_explorer_node,new,target_alignment_weight,DOUBLE,1.0
23july1.bag,2026-07-23T21:17:09.423+05:30,5.1,/target_explorer_node,new,path_cost_weight,DOUBLE,0.1
23july1.bag,2026-07-23T21:17:09.423+05:30,5.1,/target_explorer_node,new,minimum_target_progress_m,DOUBLE,0.0
23july1.bag,2026-07-23T21:17:09.424+05:30,5.1,/target_explorer_node,new,allow_negative_progress_recovery,BOOL,True
23july1.bag,2026-07-23T21:17:09.424+05:30,5.101,/target_explorer_node,new,goal_obstacle_clearance_m,DOUBLE,0.1
23july1.bag,2026-07-23T21:17:09.424+05:30,5.101,/target_explorer_node,new,map_occupied_threshold,INTEGER,65
23july1.bag,2026-07-23T21:17:09.425+05:30,5.101,/target_explorer_node,new,costmap_lethal_threshold,INTEGER,100
23july1.bag,2026-07-23T21:17:09.425+05:30,5.102,/target_explorer_node,new,active_goal_safety_check_period_sec,DOUBLE,0.5
23july1.bag,2026-07-23T21:17:09.425+05:30,5.102,/target_explorer_node,new,minimum_frontier_distance_from_robot,DOUBLE,0.5
23july1.bag,2026-07-23T21:17:09.426+05:30,5.102,/target_explorer_node,new,minimum_frontier_size_m,DOUBLE,0.5
23july1.bag,2026-07-23T21:17:09.426+05:30,5.103,/target_explorer_node,new,maximum_goal_samples_per_frontier,INTEGER,12
23july1.bag,2026-07-23T21:17:09.426+05:30,5.103,/target_explorer_node,new,planner_timeout_sec,DOUBLE,2.0
23july1.bag,2026-07-23T21:17:09.427+05:30,5.103,/target_explorer_node,new,tf_timeout_sec,DOUBLE,0.3
23july1.bag,2026-07-23T21:17:09.427+05:30,5.104,/target_explorer_node,new,persistent_tf_failure_timeout_sec,DOUBLE,3.0
23july1.bag,2026-07-23T21:17:12.530+05:30,8.207,/omega_controller,new,use_sim_time,BOOL,False
23july1.bag,2026-07-23T21:17:12.534+05:30,8.211,/omega_controller,new,cmd_angular_sign,DOUBLE,-1.0
23july2.bag,2026-07-23T21:20:28.508+05:30,1.778,/target_explorer_node,new,use_sim_time,BOOL,False
23july2.bag,2026-07-23T21:20:28.511+05:30,1.781,/target_explorer_node,new,goal_mode,STRING,local
23july2.bag,2026-07-23T21:20:28.511+05:30,1.781,/target_explorer_node,new,global_frame,STRING,map
23july2.bag,2026-07-23T21:20:28.511+05:30,1.781,/target_explorer_node,new,robot_base_frame,STRING,base_footprint
23july2.bag,2026-07-23T21:20:28.511+05:30,1.781,/target_explorer_node,new,map_topic,STRING,/map
23july2.bag,2026-07-23T21:20:28.512+05:30,1.782,/target_explorer_node,new,global_costmap_topic,STRING,/global_costmap/costmap
23july2.bag,2026-07-23T21:20:28.512+05:30,1.782,/target_explorer_node,new,navigate_to_pose_action,STRING,/navigate_to_pose
23july2.bag,2026-07-23T21:20:28.512+05:30,1.782,/target_explorer_node,new,compute_path_to_pose_action,STRING,/compute_path_to_pose
23july2.bag,2026-07-23T21:20:28.512+05:30,1.782,/target_explorer_node,new,target_x,DOUBLE,0.0
23july2.bag,2026-07-23T21:20:28.513+05:30,1.783,/target_explorer_node,new,target_y,DOUBLE,27.0
23july2.bag,2026-07-23T21:20:28.513+05:30,1.783,/target_explorer_node,new,target_tolerance,DOUBLE,1.0
23july2.bag,2026-07-23T21:20:28.513+05:30,1.783,/target_explorer_node,new,goal_progress_weight,DOUBLE,1.0
23july2.bag,2026-07-23T21:20:28.513+05:30,1.784,/target_explorer_node,new,target_alignment_weight,DOUBLE,1.0
23july2.bag,2026-07-23T21:20:28.514+05:30,1.784,/target_explorer_node,new,path_cost_weight,DOUBLE,0.1
23july2.bag,2026-07-23T21:20:28.514+05:30,1.784,/target_explorer_node,new,minimum_target_progress_m,DOUBLE,0.0
23july2.bag,2026-07-23T21:20:28.514+05:30,1.784,/target_explorer_node,new,allow_negative_progress_recovery,BOOL,True
23july2.bag,2026-07-23T21:20:28.514+05:30,1.785,/target_explorer_node,new,goal_obstacle_clearance_m,DOUBLE,0.1
23july2.bag,2026-07-23T21:20:28.515+05:30,1.785,/target_explorer_node,new,map_occupied_threshold,INTEGER,65
23july2.bag,2026-07-23T21:20:28.515+05:30,1.785,/target_explorer_node,new,costmap_lethal_threshold,INTEGER,100
23july2.bag,2026-07-23T21:20:28.515+05:30,1.785,/target_explorer_node,new,active_goal_safety_check_period_sec,DOUBLE,0.5
23july2.bag,2026-07-23T21:20:28.515+05:30,1.786,/target_explorer_node,new,minimum_frontier_distance_from_robot,DOUBLE,0.5
23july2.bag,2026-07-23T21:20:28.516+05:30,1.786,/target_explorer_node,new,minimum_frontier_size_m,DOUBLE,0.5
23july2.bag,2026-07-23T21:20:28.516+05:30,1.786,/target_explorer_node,new,maximum_goal_samples_per_frontier,INTEGER,12
23july2.bag,2026-07-23T21:20:28.516+05:30,1.786,/target_explorer_node,new,planner_timeout_sec,DOUBLE,2.0
23july2.bag,2026-07-23T21:20:28.516+05:30,1.786,/target_explorer_node,new,tf_timeout_sec,DOUBLE,0.3
23july2.bag,2026-07-23T21:20:28.517+05:30,1.787,/target_explorer_node,new,persistent_tf_failure_timeout_sec,DOUBLE,3.0
23july2.bag,2026-07-23T21:20:30.070+05:30,3.34,/omega_controller,new,use_sim_time,BOOL,False
23july2.bag,2026-07-23T21:20:30.073+05:30,3.344,/omega_controller,new,cmd_angular_sign,DOUBLE,-1.0
23july2.bag,2026-07-23T21:21:01.652+05:30,34.923,/omega_controller,new,use_sim_time,BOOL,False
23july2.bag,2026-07-23T21:21:01.656+05:30,34.926,/omega_controller,new,cmd_angular_sign,DOUBLE,-1.0
23july3.bag,2026-07-23T21:24:49.484+05:30,2.457,/target_explorer_node,new,use_sim_time,BOOL,False
23july3.bag,2026-07-23T21:24:49.484+05:30,2.457,/target_explorer_node,new,goal_mode,STRING,local
23july3.bag,2026-07-23T21:24:49.484+05:30,2.457,/target_explorer_node,new,global_frame,STRING,map
23july3.bag,2026-07-23T21:24:49.484+05:30,2.457,/target_explorer_node,new,robot_base_frame,STRING,base_footprint
23july3.bag,2026-07-23T21:24:49.484+05:30,2.457,/target_explorer_node,new,map_topic,STRING,/map
23july3.bag,2026-07-23T21:24:49.484+05:30,2.457,/target_explorer_node,new,global_costmap_topic,STRING,/global_costmap/costmap
23july3.bag,2026-07-23T21:24:49.484+05:30,2.457,/target_explorer_node,new,navigate_to_pose_action,STRING,/navigate_to_pose
23july3.bag,2026-07-23T21:24:49.485+05:30,2.458,/target_explorer_node,new,compute_path_to_pose_action,STRING,/compute_path_to_pose
23july3.bag,2026-07-23T21:24:49.485+05:30,2.458,/target_explorer_node,new,target_x,DOUBLE,0.0
23july3.bag,2026-07-23T21:24:49.485+05:30,2.458,/target_explorer_node,new,target_y,DOUBLE,27.0
23july3.bag,2026-07-23T21:24:49.485+05:30,2.458,/target_explorer_node,new,target_tolerance,DOUBLE,1.0
23july3.bag,2026-07-23T21:24:49.486+05:30,2.459,/target_explorer_node,new,goal_progress_weight,DOUBLE,1.0
23july3.bag,2026-07-23T21:24:49.486+05:30,2.459,/target_explorer_node,new,target_alignment_weight,DOUBLE,1.0
23july3.bag,2026-07-23T21:24:49.486+05:30,2.459,/target_explorer_node,new,path_cost_weight,DOUBLE,0.1
23july3.bag,2026-07-23T21:24:49.486+05:30,2.46,/target_explorer_node,new,minimum_target_progress_m,DOUBLE,0.0
23july3.bag,2026-07-23T21:24:49.487+05:30,2.46,/target_explorer_node,new,allow_negative_progress_recovery,BOOL,True
23july3.bag,2026-07-23T21:24:49.487+05:30,2.46,/target_explorer_node,new,goal_obstacle_clearance_m,DOUBLE,0.1
23july3.bag,2026-07-23T21:24:49.487+05:30,2.46,/target_explorer_node,new,map_occupied_threshold,INTEGER,65
23july3.bag,2026-07-23T21:24:49.487+05:30,2.46,/target_explorer_node,new,costmap_lethal_threshold,INTEGER,100
23july3.bag,2026-07-23T21:24:49.488+05:30,2.461,/target_explorer_node,new,active_goal_safety_check_period_sec,DOUBLE,0.5
23july3.bag,2026-07-23T21:24:49.488+05:30,2.461,/target_explorer_node,new,minimum_frontier_distance_from_robot,DOUBLE,0.5
23july3.bag,2026-07-23T21:24:49.488+05:30,2.461,/target_explorer_node,new,minimum_frontier_size_m,DOUBLE,0.5
23july3.bag,2026-07-23T21:24:49.488+05:30,2.461,/target_explorer_node,new,maximum_goal_samples_per_frontier,INTEGER,12
23july3.bag,2026-07-23T21:24:49.489+05:30,2.462,/target_explorer_node,new,planner_timeout_sec,DOUBLE,2.0
23july3.bag,2026-07-23T21:24:49.489+05:30,2.462,/target_explorer_node,new,tf_timeout_sec,DOUBLE,0.3
23july3.bag,2026-07-23T21:24:49.489+05:30,2.462,/target_explorer_node,new,persistent_tf_failure_timeout_sec,DOUBLE,3.0
23july3.bag,2026-07-23T21:24:53.226+05:30,6.199,/omega_controller,new,use_sim_time,BOOL,False
23july3.bag,2026-07-23T21:24:53.229+05:30,6.202,/omega_controller,new,cmd_angular_sign,DOUBLE,-1.0
23july4.bag,2026-07-23T21:47:14.774+05:30,1.7,/target_explorer_node,new,use_sim_time,BOOL,False
23july4.bag,2026-07-23T21:47:14.777+05:30,1.703,/target_explorer_node,new,goal_mode,STRING,local
23july4.bag,2026-07-23T21:47:14.777+05:30,1.703,/target_explorer_node,new,global_frame,STRING,map
23july4.bag,2026-07-23T21:47:14.777+05:30,1.704,/target_explorer_node,new,robot_base_frame,STRING,base_footprint
23july4.bag,2026-07-23T21:47:14.777+05:30,1.704,/target_explorer_node,new,map_topic,STRING,/map
23july4.bag,2026-07-23T21:47:14.778+05:30,1.704,/target_explorer_node,new,global_costmap_topic,STRING,/global_costmap/costmap
23july4.bag,2026-07-23T21:47:14.778+05:30,1.704,/target_explorer_node,new,navigate_to_pose_action,STRING,/navigate_to_pose
23july4.bag,2026-07-23T21:47:14.778+05:30,1.705,/target_explorer_node,new,compute_path_to_pose_action,STRING,/compute_path_to_pose
23july4.bag,2026-07-23T21:47:14.779+05:30,1.705,/target_explorer_node,new,target_x,DOUBLE,0.0
23july4.bag,2026-07-23T21:47:14.779+05:30,1.705,/target_explorer_node,new,target_y,DOUBLE,15.0
23july4.bag,2026-07-23T21:47:14.779+05:30,1.705,/target_explorer_node,new,target_tolerance,DOUBLE,1.0
23july4.bag,2026-07-23T21:47:14.779+05:30,1.706,/target_explorer_node,new,goal_progress_weight,DOUBLE,1.0
23july4.bag,2026-07-23T21:47:14.780+05:30,1.706,/target_explorer_node,new,target_alignment_weight,DOUBLE,1.0
23july4.bag,2026-07-23T21:47:14.780+05:30,1.706,/target_explorer_node,new,path_cost_weight,DOUBLE,0.1
23july4.bag,2026-07-23T21:47:14.780+05:30,1.706,/target_explorer_node,new,minimum_target_progress_m,DOUBLE,0.0
23july4.bag,2026-07-23T21:47:14.780+05:30,1.707,/target_explorer_node,new,allow_negative_progress_recovery,BOOL,True
23july4.bag,2026-07-23T21:47:14.781+05:30,1.707,/target_explorer_node,new,goal_obstacle_clearance_m,DOUBLE,0.1
23july4.bag,2026-07-23T21:47:14.781+05:30,1.707,/target_explorer_node,new,map_occupied_threshold,INTEGER,65
23july4.bag,2026-07-23T21:47:14.781+05:30,1.707,/target_explorer_node,new,costmap_lethal_threshold,INTEGER,100
23july4.bag,2026-07-23T21:47:14.781+05:30,1.708,/target_explorer_node,new,active_goal_safety_check_period_sec,DOUBLE,0.5
23july4.bag,2026-07-23T21:47:14.782+05:30,1.708,/target_explorer_node,new,minimum_frontier_distance_from_robot,DOUBLE,0.5
23july4.bag,2026-07-23T21:47:14.782+05:30,1.708,/target_explorer_node,new,minimum_frontier_size_m,DOUBLE,0.5
23july4.bag,2026-07-23T21:47:14.782+05:30,1.708,/target_explorer_node,new,maximum_goal_samples_per_frontier,INTEGER,12
23july4.bag,2026-07-23T21:47:14.782+05:30,1.709,/target_explorer_node,new,planner_timeout_sec,DOUBLE,2.0
23july4.bag,2026-07-23T21:47:14.782+05:30,1.709,/target_explorer_node,new,tf_timeout_sec,DOUBLE,0.3
23july4.bag,2026-07-23T21:47:14.783+05:30,1.709,/target_explorer_node,new,persistent_tf_failure_timeout_sec,DOUBLE,3.0
23july4.bag,2026-07-23T21:47:15.438+05:30,2.364,/omega_controller,new,use_sim_time,BOOL,False
23july4.bag,2026-07-23T21:47:15.441+05:30,2.367,/omega_controller,new,cmd_angular_sign,DOUBLE,-1.0
23july4.bag,2026-07-23T21:48:03.339+05:30,50.266,/target_explorer_node,new,use_sim_time,BOOL,False
23july4.bag,2026-07-23T21:48:03.339+05:30,50.266,/target_explorer_node,new,goal_mode,STRING,local
23july4.bag,2026-07-23T21:48:03.339+05:30,50.266,/target_explorer_node,new,global_frame,STRING,map
23july4.bag,2026-07-23T21:48:03.340+05:30,50.266,/target_explorer_node,new,robot_base_frame,STRING,base_footprint
23july4.bag,2026-07-23T21:48:03.340+05:30,50.266,/target_explorer_node,new,map_topic,STRING,/map
23july4.bag,2026-07-23T21:48:03.340+05:30,50.266,/target_explorer_node,new,global_costmap_topic,STRING,/global_costmap/costmap
23july4.bag,2026-07-23T21:48:03.340+05:30,50.266,/target_explorer_node,new,navigate_to_pose_action,STRING,/navigate_to_pose
23july4.bag,2026-07-23T21:48:03.340+05:30,50.266,/target_explorer_node,new,compute_path_to_pose_action,STRING,/compute_path_to_pose
23july4.bag,2026-07-23T21:48:03.340+05:30,50.266,/target_explorer_node,new,target_x,DOUBLE,0.0
23july4.bag,2026-07-23T21:48:03.340+05:30,50.267,/target_explorer_node,new,target_y,DOUBLE,-15.0
23july4.bag,2026-07-23T21:48:03.340+05:30,50.267,/target_explorer_node,new,target_tolerance,DOUBLE,1.0
23july4.bag,2026-07-23T21:48:03.341+05:30,50.267,/target_explorer_node,new,goal_progress_weight,DOUBLE,1.0
23july4.bag,2026-07-23T21:48:03.341+05:30,50.267,/target_explorer_node,new,target_alignment_weight,DOUBLE,1.0
23july4.bag,2026-07-23T21:48:03.341+05:30,50.268,/target_explorer_node,new,path_cost_weight,DOUBLE,0.1
23july4.bag,2026-07-23T21:48:03.342+05:30,50.268,/target_explorer_node,new,minimum_target_progress_m,DOUBLE,0.0
23july4.bag,2026-07-23T21:48:03.342+05:30,50.268,/target_explorer_node,new,allow_negative_progress_recovery,BOOL,True
23july4.bag,2026-07-23T21:48:03.342+05:30,50.268,/target_explorer_node,new,goal_obstacle_clearance_m,DOUBLE,0.1
23july4.bag,2026-07-23T21:48:03.342+05:30,50.269,/target_explorer_node,new,map_occupied_threshold,INTEGER,65
23july4.bag,2026-07-23T21:48:03.343+05:30,50.269,/target_explorer_node,new,costmap_lethal_threshold,INTEGER,100
23july4.bag,2026-07-23T21:48:03.343+05:30,50.269,/target_explorer_node,new,active_goal_safety_check_period_sec,DOUBLE,0.5
23july4.bag,2026-07-23T21:48:03.343+05:30,50.27,/target_explorer_node,new,minimum_frontier_distance_from_robot,DOUBLE,0.5
23july4.bag,2026-07-23T21:48:03.344+05:30,50.27,/target_explorer_node,new,minimum_frontier_size_m,DOUBLE,0.5
23july4.bag,2026-07-23T21:48:03.344+05:30,50.27,/target_explorer_node,new,maximum_goal_samples_per_frontier,INTEGER,12
23july4.bag,2026-07-23T21:48:03.344+05:30,50.271,/target_explorer_node,new,planner_timeout_sec,DOUBLE,2.0
23july4.bag,2026-07-23T21:48:03.345+05:30,50.271,/target_explorer_node,new,tf_timeout_sec,DOUBLE,0.3
23july4.bag,2026-07-23T21:48:03.345+05:30,50.271,/target_explorer_node,new,persistent_tf_failure_timeout_sec,DOUBLE,3.0
